name,surname,email,some info,meta info,address,fan
benjamin,peterson,,some info,meta info,address,fan
ted,holt,not_email,some info,meta info,address,fan
,wilson,patsy.wilson52@example.com,some info,meta info,address,fan
jeremy,,jeremy.taylor39@example.com,some info,meta info,address,fan
joshua,holt,joshua.holt76@example.com,some info,meta info,address,fan
sergio,wilson,sergio.wilson62@example.com,some info,meta info,address,fan
earl,martin,earl.martin96@example.com,some info,meta info,address,fan
tomothy,bailey,tomothy.bailey55@example.com,some info,meta info,address,fan
terri,elliott,terri.elliott77@example.com,some info,meta info,address,fan
june,smith,june.smith52@example.com,some info,meta info,address,fan
shane,hopkins,shane.hopkins69@example.com,some info,meta info,address,fan
darrell,holland,darrell.holland87@example.com,some info,meta info,address,fan
zoe,reyes,zoe.reyes72@example.com,some info,meta info,address,fan
anthony,bowman,anthony.bowman17@example.com,some info,meta info,address,fan
jimmie,riley,jimmie.riley19@example.com,some info,meta info,address,fan
juan,may,juan.may86@example.com,some info,meta info,address,fan
frederick,holmes,frederick.holmes49@example.com,some info,meta info,address,fan
sharlene,gordon,sharlene.gordon28@example.com,some info,meta info,address,fan
clifton,baker,clifton.baker98@example.com,some info,meta info,address,fan
wade,simmons,wade.simmons43@example.com,some info,meta info,address,fan
joe,caldwell,joe.caldwell13@example.com,some info,meta info,address,fan
candice,little,candice.little35@example.com,some info,meta info,address,fan
heather,wagner,heather.wagner96@example.com,some info,meta info,address,fan
gail,vargas,gail.vargas21@example.com,some info,meta info,address,fan
emily,thompson,emily.thompson93@example.com,some info,meta info,address,fan
beverley,morgan,beverley.morgan30@example.com,some info,meta info,address,fan
pamela,thomas,pamela.thomas85@example.com,some info,meta info,address,fan
nina,nelson,nina.nelson57@example.com,some info,meta info,address,fan
allan,coleman,allan.coleman66@example.com,some info,meta info,address,fan
anita,patterson,anita.patterson95@example.com,some info,meta info,address,fan
frederick,wood,frederick.wood52@example.com,some info,meta info,address,fan
jack,gilbert,jack.gilbert30@example.com,some info,meta info,address,fan
hilda,george,hilda.george38@example.com,some info,meta info,address,fan
gene,hudson,gene.hudson73@example.com,some info,meta info,address,fan
carlos,dixon,carlos.dixon30@example.com,some info,meta info,address,fan
ted,shelton,ted.shelton51@example.com,some info,meta info,address,fan
cindy,frazier,cindy.frazier25@example.com,some info,meta info,address,fan
kaylee,gordon,kaylee.gordon78@example.com,some info,meta info,address,fan
yolanda,austin,yolanda.austin66@example.com,some info,meta info,address,fan
beatrice,butler,beatrice.butler95@example.com,some info,meta info,address,fan
jason,powell,jason.powell92@example.com,some info,meta info,address,fan
lori,dunn,lori.dunn46@example.com,some info,meta info,address,fan
jeffery,murray,jeffery.murray64@example.com,some info,meta info,address,fan
clyde,kelley,clyde.kelley15@example.com,some info,meta info,address,fan
june,wilson,june.wilson45@example.com,some info,meta info,address,fan
marjorie,cox,marjorie.cox31@example.com,some info,meta info,address,fan
marie,grant,marie.grant11@example.com,some info,meta info,address,fan
andre,roberts,andre.roberts52@example.com,some info,meta info,address,fan
tommy,chavez,tommy.chavez88@example.com,some info,meta info,address,fan
clyde,perry,clyde.perry90@example.com,some info,meta info,address,fan