email,name,surname,phone,username,gender
john.burke90@example.com,john,burke,(807)-479-3584,orangemouse395,male
jenny.welch64@example.com,jenny,welch,(608)-766-7320,purplemeercat302,female
phillip.arnold57@example.com,phillip,arnold,(172)-852-6152,goldenlion451,male
louella.garcia29@example.com,louella,garcia,(362)-118-6429,goldenbird220,female
teresa.garza94@example.com,teresa,garza,(357)-685-7965,organickoala64,female
lynn.palmer95@example.com,lynn,palmer,(741)-803-8743,goldendog661,female
allan.newman33@example.com,allan,newman,(743)-969-5708,greenleopard51,male
frank.harrison35@example.com,frank,harrison,(808)-571-9125,purplewolf150,male
ricardo.green94@example.com,ricardo,green,(811)-545-8290,tinyfrog940,male
ellen.willis35@example.com,ellen,willis,(483)-550-7055,brownrabbit290,female
same.mills75@example.com,same,mills,(637)-168-9061,orangepanda462,male
louise.byrd55@example.com,louise,byrd,(620)-835-4584,smallleopard229,female
antonio.anderson45@example.com,antonio,anderson,(541)-225-7378,tinylion865,male
jeff.jimenez90@example.com,jeff,jimenez,(238)-601-4419,smallbird595,male
daisy.simmons66@example.com,daisy,simmons,(958)-402-2089,smallostrich346,female
hailey.white56@example.com,hailey,white,(410)-322-9848,blackswan171,female
eva.vasquez40@example.com,eva,vasquez,(827)-686-2393,whitefish93,female
stacey.mccoy44@example.com,stacey,mccoy,(981)-960-2615,bluebutterfly170,female
jar.alexander79@example.com,jar,alexander,(766)-377-4824,orangekoala646,male
wade.silva92@example.com,wade,silva,(529)-735-6060,ticklishtiger829,male